Music,"MY WAY","by asako hoshikawa",http://vg.pe.hu/up/play/myway.html,c,link
Video/Photo,"Ù†Ø§ÙŠÙ Ø§Ù„Ø¨Ø¯Ø±Ø§Ù†ÙŠ",Unknown,https://verygois.tumblr.com/bfjoebdiegd,d,link
Mix/Video,4U,"Favolit video and music",https://verygois.tumblr.com/4u,c,link
Music/Letter,ã‚ŠãŠã®ã‚³ãƒ¬ã‚¯ã‚·ãƒ§ãƒ³,"by friç and ã‚ŠãŠ",http://vg.pe.hu/up/play/rio/,e,link
Haiku,"ä¿³å¥","The theme is ""Today"".",http://vg.pe.hu/up/reading/haiku/,e,
YouTube,underwater_relax_videos,Selected by SK.â…¡,http://vg.pe.hu/up/tsom/underwater_relax_videos.html,d,link
Mix,æ–°æˆäººã®çš†æ§˜ãŠã‚ã§ã¨ã†ã”ã–ã„ã¾ã™ã€‚,"Mix for Grey Matter Archives",http://vg.pe.hu/up/play/greymatterarchives.html,c,link
Mix,"that can be _ from afar..","Mix for anathema archive",http://vg.pe.hu/up/play/thatcanbe_fromafar.html,c,link
Memory,"ho-mpe-ji-zukuri  !",ironnnaibentoyarimasita,http://vg.pe.hu/up/memories/sexy/,d,link
Recording,"Garden City",I hate yesterday's me,http://vg.pe.hu/up/play/garden_city.html,c,link
Poem,"chenge the words","by Kazuma Sasajima",http://vg.pe.hu/up/reading/chengethewords/,b,link
Poem,"i notice","by Kazuma Sasajima",http://vg.pe.hu/up/reading/i_notice/,b,link
Memory,ãŠã‚ã§ã¨ã†ã”ã–ã„ã¾ã™ï¼,ã‚Œã‚“ã‚Œã‚“ã¯ãƒ›ã‚·ã‚¶ã‚­ã®å†·è”µåº«ã‚’è½æœ­ã—ã¾ã—ãŸï¼,http://vg.pe.hu/up/memories/hoshizaki.html,b,link
Mix,2019å¹´ã®æ€ã„å‡º,"This is a poem",http://vg.pe.hu/up/play/aa.html,c,link
Tweet,"TWEET 2017-2019","by ğŸ´",http://vg.pe.hu/cv/tweet/,b,link
Mix,"It is my instagram",instagram.com/sajimakazumasa,http://vg.pe.hu/up/play/instagram.html,c,link
Mix,"I always think positive/negative to aggressive 100%","by SK.â…¡",http://vg.pe.hu/up/play/i_100.html,c,link
Mix,"Yes, yes, sure! You get up don't stop","Selected the Songs from https://youtu.be/tvJLIeRkp0U, et cetera.",http://vg.pe.hu/up/play/karaoke.html,c,link
YouTube,The videos I found in 2015-2020,"Selected by SK.â…¡",http://vg.pe.hu/up/tsom/2015-2020/,d,link
10Q,"Kazuma Sasajima ã® 10ã®è³ªå•","ichoose | The Answers are always inside of you",http://ichoose.pe.hu/collection/sk2/,e,link
Mix,"This is Country Music","Mix for Sendspaace that Radio Program on NTS.",https://www.nts.live/shows/sendspaace/episodes/sendspaace-10th-may-2021,c,link
Poem,Sorryforthedelayinsending@vg.pe.hu,"It is my new email address",https://sorryforthedelayinsending.glitch.me,b,link
Notebook,"I found the word so new","I start new blog on Scoby via Ane.na",https://scoby.page/i-found-the-word-so-new,b,link
YouTube,fire_frame_burning_videos,"Selected by SK.â…¡",http://vg.pe.hu/up/tsom/fire_frame_burning_videos.html,d,link
YouTube,Ultra Meaningless,"Selected by woopheadclrms",http://vg.pe.hu/up/tsom/ultrameaningless.html,d,link
YouTube,UniaÌƒo das Samba do JapaÌƒo,"Selected by SK.â…¡",http://vg.pe.hu/up/tsom/samba.html,d,link
YouTube,#xmastrax,"Selected by IRCAM_official",http://vg.pe.hu/up/tsom/xmastrax.html,d,link
